Category,Trait
Leadership,Proactive
Leadership,Introspection
Leadership,Trust in Others
Leadership,Individuality
Leadership,Aesthetic Appreciation
Leadership,Intellectual Curiosity
Leadership,Abstract Thinking
Leadership,Cooperation
Leadership,Comfort-Seeking
Leadership,Positivity
Leadership,Decision Making
Leadership,Open-Mindedness
Leadership,Intellectual
Leadership,Adventure-Oriented
Leadership,Decisiveness
Leadership,Commitment
Leadership,High Energy
Leadership,Storytelling
Leadership, Balanced Thinking
Leadership,Attention to Detail
Leadership,Brand Focus
Leadership,Knowledge-Seeking
Leadership,Reflective
Leadership,Objectivity
Leadership,Intuitive
Leadership,Accountability
Leadership,Preference for Stability
Leadership,Discipline
Leadership,Determination
Leadership,Encouragement
Leadership,Independence
Leadership,Calm
Leadership,Employee-Centric
Leadership,Goal-Driven
Leadership,Musical
Leadership,Practicality
Leadership,Management
Leadership,Compromise
Leadership,Rule-Based Approach
Leadership,Initiative
Leadership,Customer Insight
Leadership,Authenticity
Leadership,Market-Driven Decision Making
Leadership,Intuition
Leadership,Opportunism
Leadership,Predictability
Leadership,Realism
Leadership,Detail-Oriented
Leadership,Bridging Differences
Leadership,Complexity
Leadership,Historical Interest
Leadership,Holistic Thinking
Leadership,Quick Decision-Making
Leadership,Inquisitive
Leadership,Independent
Leadership,Transition Management
Leadership,Life-Oriented
Leadership,Survival Instinct
Leadership,Visionary Leadership
Leadership,Mentorship
Leadership,Professionalism
Leadership,Determined
Leadership,Mission-Oriented
Leadership,Freedom
Leadership,Nature-Loving
Leadership,Unity
Leadership,Strengths-Based
Leadership,Wisdom
Leadership,Deep-Thinking
Leadership,Strength
Leadership,Inclusiveness
Leadership,Healing
Leadership,Competitiveness
Leadership,Dynamic Leadership
Leadership,Self-Improvement
Leadership,Dedication
Leadership,Growth Mindset
Leadership,Action-Oriented
Leadership,Dynamism
Leadership,Pragmatic
Leadership,Progress Oriented
Leadership,Non-Conformity
Leadership,Philosophical
Leadership,Continuous Improvement
Leadership,Agility
Leadership,Balanced Thinking
Leadership,Motivation
Leadership,Altruism
Leadership,Bold Expression
Leadership,Authority
Leadership,Sophistication
Leadership,Groundedness
Leadership,Loyalty
Leadership,Diplomacy
Leadership,Subtlety
Leadership,Open Mindedness
Leadership,Self-Motivation
Leadership,Peacefulness
Leadership,Courage
Leadership,Reliability
Leadership,Open-Minded
Leadership,Negotiation
Leadership,Customer-Centric
Leadership,Inclusive Leadership
Leadership,Depth
Leadership,Adventurous
Leadership,Inspiration
Leadership,Science-Oriented
Leadership,Communication
Leadership,Caution
Leadership,Aspiration
Leadership,Collaboration
Leadership,Dynamic
Leadership,Peaceful
Leadership,Insightful
Leadership,Transformational Leadership
Leadership,Direct Communication
Leadership,Resilient
Leadership,Guidance
Leadership,Fairness
Leadership,Empathy in Leadership
Leadership,Free-Spirited
Leadership,Influence
Leadership,Connection to Nature
Leadership,Trust in Long-Term Outcomes
Leadership,Hands-On Approach
Leadership,Appreciation
Leadership,Vision
Leadership,Recognition Seeking
Leadership,Enthusiasm
Leadership,Transparency
Leadership,Thoughtfulness
Leadership,Renewal
Leadership,Growth-Oriented
Leadership,Shared Responsibility
Leadership,Escapism
Leadership,Calmness
Leadership,Adventure
Leadership,Reflection
Leadership,Pragmatism
Leadership,Trust in Expertise
Leadership,Contentment
Leadership,Methodical
Leadership,Assertiveness
Leadership,Resourcefulness
Leadership,Visionary
Leadership,Nostalgic
Leadership,Grounded
Leadership,Humility
Leadership,Financial Responsibility
Leadership,Self-Determination
Leadership,Forward-Thinking
Leadership,Harmonious Leadership
Leadership,Energy
Leadership,Result-Oriented
Leadership,Courageous
Leadership,Consistency
Leadership,Tech-Savvy
Leadership,Boldness
Leadership,Non-Confrontational
Leadership,Curiosity
Leadership,Connection-Seeking
Leadership,Explorative
Leadership,Opportunity-Driven
Leadership,Marketing-Oriented
Leadership,Ambitious
Leadership,Harmony
Leadership,Reflectiveness
Leadership,Mediation
Leadership,Ambition
Leadership,Long-Term Focus
Leadership,Intrigued by the Unknown
Leadership,Observant
Leadership,Leadership
Leadership,Customer-Oriented
Leadership,Confidence
Leadership,Goal-Oriented
Leadership,Passionate
Leadership,Rationality
Leadership,Delegation
Leadership,Serenity
Leadership,Clarity
Leadership,Exploration-Oriented
Leadership,Preparedness
Leadership,Stability
Leadership,Culturally Engaged
Leadership,Simplicity
Leadership,Self-Advocacy
Leadership,Achievement
Leadership,Balanced Approach
Leadership,Mindful
Leadership,Optimism
Leadership,Spirituality
Empathy & Social Skills,Compassion
Empathy & Social Skills,Supportive
Empathy & Social Skills,Team Oriented
Empathy & Social Skills,Social Responsibility
Empathy & Social Skills,Emotionally Driven
Empathy & Social Skills,Social
Empathy & Social Skills,Integrity
Empathy & Social Skills,Team-Building
Empathy & Social Skills,Empathy
Empathy & Social Skills,Emotional Intelligence
Empathy & Social Skills,Trust in Team
Empathy & Social Skills,Team Spirit
Empathy & Social Skills,Emotionally Connected
Empathy & Social Skills,Team-Oriented
Empathy & Social Skills,Trust
Empathy & Social Skills,Teamwork
Strategic Thinking & Problem-Solving,Planning
Strategic Thinking & Problem-Solving,Analytical Depth
Strategic Thinking & Problem-Solving,Strategic Insight
Strategic Thinking & Problem-Solving,Efficiency
Strategic Thinking & Problem-Solving,Analytical Thinking
Strategic Thinking & Problem-Solving,Structured
Strategic Thinking & Problem-Solving,Strategic
Strategic Thinking & Problem-Solving,Problem Solving
Strategic Thinking & Problem-Solving,Evidence-Based Thinking
Strategic Thinking & Problem-Solving,Problem-Solving
Strategic Thinking & Problem-Solving,Evidence-Based Decision Making
Strategic Thinking & Problem-Solving,Strategic Planning
Strategic Thinking & Problem-Solving,Data-Driven Decision Making
Strategic Thinking & Problem-Solving,Precision
Strategic Thinking & Problem-Solving,Strategic Allocation
Strategic Thinking & Problem-Solving,Analytical
Strategic Thinking & Problem-Solving,Long-Term Planning
Strategic Thinking & Problem-Solving,Data-Driven Decision-Making
Strategic Thinking & Problem-Solving,Strategic Foresight
Strategic Thinking & Problem-Solving,Quality Focus
Strategic Thinking & Problem-Solving,Focus
Strategic Thinking & Problem-Solving,Conflict Resolution
Strategic Thinking & Problem-Solving,Structured Thinking
Strategic Thinking & Problem-Solving,Evidence-Based
Strategic Thinking & Problem-Solving,Strategic Thinking
Creativity & Innovation,Expressiveness
Creativity & Innovation,Passion
Creativity & Innovation,Creativity
Creativity & Innovation,Imagination
Creativity & Innovation,Curious
Creativity & Innovation,Innovation
Creativity & Innovation,Creative Drive
Creativity & Innovation,Expressive
Creativity & Innovation,Innovative
Creativity & Innovation,Risk-Taking
Creativity & Innovation,Artistic
Creativity & Innovation,Creative
Creativity & Innovation, Innovation
Resilience & Adaptability,Lifelong Learner
Resilience & Adaptability,Adaptability
Resilience & Adaptability,Resilience
Resilience & Adaptability,Growth
Resilience & Adaptability,Balance
Resilience & Adaptability,Flexibility
Resilience & Adaptability,Persistence
Resilience & Adaptability,Tolerance
Resilience & Adaptability,Learning
Resilience & Adaptability,Incremental Change
Resilience & Adaptability,Self-Awareness
Resilience & Adaptability,Patience
Resilience & Adaptability,Work-Life Balance
